seed,K,M,mv,isp,gap
1000,2,10000,0.8512,0.8959,0.04470000000000007
1001,2,10000,0.8433,0.9004,0.05709999999999993
1002,2,10000,0.8465,0.8975,0.050999999999999934
1003,2,10000,0.8478,0.9019,0.05410000000000004
1004,2,10000,0.8503,0.9017,0.0514
1005,2,10000,0.8515,0.9055,0.05399999999999994
1006,2,10000,0.8476,0.9012,0.05359999999999998
1007,2,10000,0.8488,0.8995,0.05069999999999997
1008,2,10000,0.8475,0.8955,0.04799999999999993
1009,2,10000,0.8509,0.9028,0.05190000000000006
1010,2,10000,0.8396,0.8964,0.05679999999999996
1011,2,10000,0.8455,0.8974,0.051899999999999946
1012,2,10000,0.8533,0.9066,0.053300000000000014
1013,2,10000,0.8502,0.908,0.057800000000000074
1014,2,10000,0.8532,0.9049,0.05170000000000008
1015,2,10000,0.8558,0.9008,0.04500000000000004
1016,2,10000,0.8503,0.9028,0.0525000000000001
1017,2,10000,0.8475,0.9006,0.053099999999999925
1018,2,10000,0.8524,0.9032,0.050799999999999956
1019,2,10000,0.8442,0.9006,0.056400000000000006
1020,2,10000,0.8477,0.9012,0.05349999999999999
1021,2,10000,0.8492,0.9025,0.053300000000000014
1022,2,10000,0.8483,0.8995,0.05119999999999991
1023,2,10000,0.8465,0.9038,0.05730000000000002
1024,2,10000,0.8526,0.9016,0.04899999999999993
1025,2,10000,0.85,0.8963,0.04630000000000001
1026,2,10000,0.8507,0.906,0.055300000000000016
1027,2,10000,0.8508,0.9006,0.049799999999999955
1028,2,10000,0.846,0.8962,0.05020000000000002
1029,2,10000,0.8499,0.9017,0.05179999999999996
1030,2,10000,0.8534,0.9049,0.05149999999999999
1031,2,10000,0.8453,0.8985,0.053199999999999914
1032,2,10000,0.8528,0.9012,0.0484
1033,2,10000,0.8479,0.8965,0.04859999999999998
1034,2,10000,0.8527,0.9051,0.0524
1035,2,10000,0.8527,0.9017,0.04899999999999993
1036,2,10000,0.8542,0.9056,0.0514
1037,2,10000,0.8562,0.9054,0.04920000000000002
1038,2,10000,0.8503,0.8991,0.048800000000000066
1039,2,10000,0.853,0.9051,0.052100000000000035
1040,2,10000,0.8502,0.9003,0.05010000000000003
1041,2,10000,0.847,0.9019,0.05490000000000006
1042,2,10000,0.8532,0.9024,0.04920000000000002
1043,2,10000,0.8463,0.9058,0.0595
1044,2,10000,0.8436,0.9012,0.057599999999999985
1045,2,10000,0.8548,0.9082,0.0534
1046,2,10000,0.851,0.904,0.05300000000000005
1047,2,10000,0.8478,0.8991,0.05130000000000001
1048,2,10000,0.8499,0.8985,0.04859999999999998
1049,2,10000,0.8591,0.9037,0.04459999999999997
1050,2,10000,0.8535,0.9033,0.049799999999999955
1051,2,10000,0.8447,0.8997,0.05500000000000005
1052,2,10000,0.8446,0.8993,0.05469999999999997
1053,2,10000,0.8555,0.9019,0.0464
1054,2,10000,0.8485,0.9034,0.05489999999999995
1055,2,10000,0.8504,0.9014,0.050999999999999934
1056,2,10000,0.8504,0.904,0.05359999999999998
1057,2,10000,0.858,0.9058,0.047800000000000065
1058,2,10000,0.8513,0.9001,0.048800000000000066
1059,2,10000,0.8449,0.904,0.05910000000000004
1060,2,10000,0.8478,0.9015,0.05369999999999997
1061,2,10000,0.8501,0.9008,0.05070000000000008
1062,2,10000,0.8547,0.9072,0.05249999999999999
1063,2,10000,0.8476,0.9015,0.05389999999999995
1064,2,10000,0.8532,0.9031,0.049900000000000055
1065,2,10000,0.8519,0.9033,0.0514
1066,2,10000,0.854,0.903,0.049000000000000044
1067,2,10000,0.8576,0.908,0.0504
1068,2,10000,0.8487,0.9,0.05130000000000001
1069,2,10000,0.8486,0.8962,0.047599999999999976
1070,2,10000,0.8479,0.9014,0.05349999999999999
1071,2,10000,0.848,0.8993,0.05130000000000001
1072,2,10000,0.8491,0.9026,0.05349999999999999
1073,2,10000,0.8476,0.8971,0.04949999999999999
1074,2,10000,0.8547,0.9026,0.04789999999999994
1075,2,10000,0.8454,0.9,0.05459999999999998
1076,2,10000,0.85,0.898,0.04800000000000004
1077,2,10000,0.8509,0.899,0.04810000000000003
1078,2,10000,0.8531,0.9052,0.052100000000000035
1079,2,10000,0.8526,0.9051,0.05249999999999999
1080,2,10000,0.8455,0.8964,0.050899999999999945
1081,2,10000,0.8477,0.9008,0.053100000000000036
1082,2,10000,0.8552,0.9036,0.0484
1083,2,10000,0.8429,0.8968,0.05390000000000006
1084,2,10000,0.851,0.9009,0.049900000000000055
1085,2,10000,0.8507,0.8989,0.04820000000000002
1086,2,10000,0.8502,0.9049,0.05470000000000008
1087,2,10000,0.8554,0.9047,0.0492999999999999
1088,2,10000,0.8473,0.8984,0.05109999999999992
1000,4,10000,0.9293,0.9516,0.022299999999999986
1001,4,10000,0.9269,0.9484,0.021500000000000075
1002,4,10000,0.9226,0.9448,0.022199999999999998
1003,4,10000,0.9218,0.9426,0.02080000000000004
1004,4,10000,0.9213,0.9424,0.021100000000000008
1005,4,10000,0.9202,0.9429,0.022699999999999942
1006,4,10000,0.9263,0.9455,0.019199999999999995
1007,4,10000,0.9255,0.9432,0.01770000000000005
1008,4,10000,0.9247,0.944,0.019299999999999984
1009,4,10000,0.9209,0.9444,0.023499999999999965
1010,4,10000,0.9271,0.9473,0.020199999999999996
1011,4,10000,0.9249,0.948,0.0230999999999999
1012,4,10000,0.9239,0.9429,0.018999999999999906
1013,4,10000,0.9244,0.9455,0.021100000000000008
1014,4,10000,0.9288,0.9482,0.019400000000000084
1015,4,10000,0.9274,0.9438,0.01639999999999997
1016,4,10000,0.9223,0.9465,0.0242
1017,4,10000,0.9221,0.9467,0.024599999999999955
1018,4,10000,0.9255,0.9426,0.017100000000000004
1019,4,10000,0.924,0.9463,0.022299999999999986
1020,4,10000,0.9203,0.9442,0.023900000000000032
1021,4,10000,0.9274,0.9438,0.01639999999999997
1022,4,10000,0.9225,0.9394,0.016900000000000026
1023,4,10000,0.9225,0.9425,0.020000000000000018
1024,4,10000,0.9261,0.9459,0.01979999999999993
1025,4,10000,0.9164,0.9399,0.023499999999999965
1026,4,10000,0.9215,0.9446,0.02310000000000001
1027,4,10000,0.9248,0.9422,0.017400000000000082
1028,4,10000,0.9219,0.9439,0.02199999999999991
1029,4,10000,0.9249,0.9443,0.019399999999999973
1030,4,10000,0.9271,0.947,0.019899999999999918
1031,4,10000,0.9292,0.9461,0.016900000000000026
1032,4,10000,0.9256,0.9449,0.019299999999999984
1033,4,10000,0.9248,0.9435,0.01870000000000005
1034,4,10000,0.9214,0.9435,0.02210000000000001
1035,4,10000,0.9289,0.9469,0.018000000000000016
1036,4,10000,0.9213,0.9446,0.023299999999999987
1037,4,10000,0.9199,0.9436,0.023699999999999943
1038,4,10000,0.9227,0.942,0.019299999999999984
1039,4,10000,0.9271,0.947,0.019899999999999918
1040,4,10000,0.9218,0.9446,0.022800000000000042
1041,4,10000,0.9236,0.944,0.020399999999999974
1042,4,10000,0.9202,0.9403,0.020100000000000007
1043,4,10000,0.9211,0.9435,0.022399999999999975
1044,4,10000,0.9239,0.943,0.019099999999999895
1045,4,10000,0.9247,0.9413,0.01660000000000006
1046,4,10000,0.9201,0.9446,0.024499999999999966
1047,4,10000,0.9257,0.9478,0.02210000000000001
1048,4,10000,0.9232,0.9416,0.018399999999999972
1049,4,10000,0.923,0.9443,0.021299999999999986
1050,4,10000,0.925,0.9414,0.01639999999999997
1051,4,10000,0.9228,0.943,0.020199999999999996
1052,4,10000,0.9241,0.9438,0.01969999999999994
1053,4,10000,0.9248,0.9435,0.01870000000000005
1054,4,10000,0.9263,0.9454,0.019100000000000006
1055,4,10000,0.923,0.9439,0.02089999999999992
1056,4,10000,0.926,0.9452,0.019199999999999995
1057,4,10000,0.9195,0.9396,0.020100000000000007
1058,4,10000,0.9204,0.9418,0.021399999999999975
1059,4,10000,0.9253,0.9458,0.020499999999999963
1060,4,10000,0.9184,0.9403,0.02190000000000003
1061,4,10000,0.9218,0.9422,0.020400000000000085
1062,4,10000,0.9264,0.947,0.02059999999999995
1063,4,10000,0.9236,0.9425,0.018900000000000028
1064,4,10000,0.9236,0.9436,0.020000000000000018
1065,4,10000,0.9254,0.9462,0.02080000000000004
1066,4,10000,0.9251,0.9461,0.02100000000000002
1067,4,10000,0.9309,0.9482,0.017300000000000093
1068,4,10000,0.9264,0.9453,0.018900000000000028
1069,4,10000,0.9203,0.9436,0.023299999999999987
1070,4,10000,0.9269,0.9453,0.018400000000000083
1071,4,10000,0.9194,0.9424,0.02300000000000002
1072,4,10000,0.9238,0.9419,0.018100000000000005
1073,4,10000,0.9264,0.9452,0.01880000000000004
1074,4,10000,0.9194,0.94,0.02059999999999995
1075,4,10000,0.9213,0.9436,0.022299999999999986
1076,4,10000,0.9229,0.9424,0.019499999999999962
1077,4,10000,0.9242,0.9448,0.02059999999999995
1078,4,10000,0.9273,0.9437,0.01639999999999997
1079,4,10000,0.9201,0.9428,0.022699999999999942
1080,4,10000,0.9204,0.9417,0.021299999999999986
1081,4,10000,0.9249,0.944,0.019099999999999895
1082,4,10000,0.9184,0.9394,0.02100000000000002
1083,4,10000,0.9263,0.9444,0.018100000000000005
1084,4,10000,0.9219,0.9444,0.022499999999999964
1085,4,10000,0.9261,0.9483,0.022199999999999998
1086,4,10000,0.9244,0.9457,0.021299999999999986
1087,4,10000,0.9244,0.9408,0.01639999999999997
1088,4,10000,0.9249,0.9471,0.022199999999999998
1000,6,10000,0.9438,0.9582,0.01440000000000008
1001,6,10000,0.9406,0.9567,0.016100000000000003
1002,6,10000,0.9435,0.9576,0.014100000000000001
1003,6,10000,0.9375,0.9503,0.012800000000000034
1004,6,10000,0.942,0.9577,0.015700000000000047
1005,6,10000,0.9446,0.9595,0.014900000000000024
1006,6,10000,0.9414,0.9582,0.016800000000000037
1007,6,10000,0.9377,0.9567,0.019000000000000017
1008,6,10000,0.9412,0.9576,0.01639999999999997
1009,6,10000,0.9379,0.9573,0.019400000000000084
1010,6,10000,0.9397,0.9531,0.013399999999999967
1011,6,10000,0.9404,0.9531,0.012699999999999934
1012,6,10000,0.9416,0.9554,0.013800000000000034
1013,6,10000,0.9447,0.956,0.011299999999999977
1014,6,10000,0.9445,0.9604,0.015900000000000025
1015,6,10000,0.9387,0.9543,0.015600000000000058
1016,6,10000,0.9421,0.9581,0.015999999999999903
1017,6,10000,0.9408,0.9585,0.01770000000000005
1018,6,10000,0.941,0.9596,0.01860000000000006
1019,6,10000,0.9407,0.9555,0.014800000000000035
1020,6,10000,0.9407,0.9571,0.01639999999999997
1021,6,10000,0.9418,0.9575,0.015700000000000047
1022,6,10000,0.9408,0.9578,0.017000000000000015
1023,6,10000,0.9403,0.9547,0.014399999999999968
1024,6,10000,0.9431,0.9576,0.014499999999999957
1025,6,10000,0.9401,0.9558,0.015699999999999936
1026,6,10000,0.9385,0.9517,0.01319999999999999
1027,6,10000,0.9426,0.9572,0.014600000000000057
1028,6,10000,0.9403,0.955,0.014699999999999935
1029,6,10000,0.9437,0.9586,0.014900000000000024
1030,6,10000,0.9423,0.9559,0.013599999999999945
1031,6,10000,0.9388,0.9561,0.017299999999999982
1032,6,10000,0.9406,0.9572,0.01660000000000006
1033,6,10000,0.9426,0.9572,0.014600000000000057
1034,6,10000,0.9435,0.959,0.015499999999999958
1035,6,10000,0.9405,0.9546,0.014100000000000001
1036,6,10000,0.9396,0.9558,0.016199999999999992
1037,6,10000,0.9435,0.9573,0.013800000000000034
1038,6,10000,0.9456,0.9598,0.01419999999999999
1039,6,10000,0.9377,0.9559,0.018199999999999994
1040,6,10000,0.9384,0.953,0.014599999999999946
1041,6,10000,0.9401,0.9592,0.019100000000000006
1042,6,10000,0.9409,0.9557,0.014800000000000035
1043,6,10000,0.9447,0.9601,0.01539999999999997
1044,6,10000,0.9422,0.9547,0.012499999999999956
1045,6,10000,0.9371,0.9552,0.018100000000000005
1046,6,10000,0.938,0.9524,0.01440000000000008
1047,6,10000,0.939,0.9528,0.013800000000000034
1048,6,10000,0.9382,0.9522,0.014000000000000012
1049,6,10000,0.9365,0.9519,0.01539999999999997
1050,6,10000,0.9413,0.956,0.014699999999999935
1051,6,10000,0.941,0.9583,0.017300000000000093
1052,6,10000,0.939,0.9564,0.017400000000000082
1053,6,10000,0.9347,0.9548,0.020100000000000007
1054,6,10000,0.939,0.9564,0.017400000000000082
1055,6,10000,0.9412,0.9572,0.016000000000000014
1056,6,10000,0.9388,0.9547,0.015900000000000025
1057,6,10000,0.9393,0.9565,0.017199999999999993
1058,6,10000,0.9384,0.9553,0.016900000000000026
1059,6,10000,0.9405,0.9561,0.015599999999999947
1060,6,10000,0.9426,0.9563,0.013700000000000045
1061,6,10000,0.9393,0.9563,0.017000000000000015
1062,6,10000,0.9407,0.9573,0.01660000000000006
1063,6,10000,0.9413,0.9544,0.0131
1064,6,10000,0.941,0.9588,0.017800000000000038
1065,6,10000,0.9402,0.9571,0.016899999999999915
1066,6,10000,0.9413,0.9556,0.01429999999999998
1067,6,10000,0.9373,0.9564,0.019100000000000006
1068,6,10000,0.9373,0.9516,0.01429999999999998
1069,6,10000,0.9421,0.9532,0.011099999999999999
1070,6,10000,0.937,0.9554,0.018399999999999972
1071,6,10000,0.9421,0.957,0.014899999999999913
1072,6,10000,0.9438,0.9586,0.014800000000000035
1073,6,10000,0.9436,0.96,0.01639999999999997
1074,6,10000,0.9385,0.9547,0.016199999999999992
1075,6,10000,0.9417,0.9553,0.013600000000000056
1076,6,10000,0.9393,0.9544,0.015100000000000002
1077,6,10000,0.9427,0.9581,0.01539999999999997
1078,6,10000,0.9399,0.9539,0.014000000000000012
1079,6,10000,0.9369,0.9567,0.01980000000000004
1080,6,10000,0.9393,0.956,0.016699999999999937
1081,6,10000,0.9446,0.9603,0.015700000000000047
1082,6,10000,0.9349,0.9489,0.014000000000000012
1083,6,10000,0.9376,0.9523,0.014700000000000046
1084,6,10000,0.941,0.9562,0.015200000000000102
1085,6,10000,0.9401,0.9578,0.017699999999999938
1086,6,10000,0.9422,0.9545,0.012299999999999978
1087,6,10000,0.9423,0.9587,0.01639999999999997
1088,6,10000,0.9405,0.9529,0.012399999999999967
1000,8,10000,0.9498,0.9602,0.010400000000000076
1001,8,10000,0.9496,0.9612,0.011600000000000055
1002,8,10000,0.9454,0.9597,0.01429999999999998
1003,8,10000,0.9468,0.9608,0.014000000000000012
1004,8,10000,0.95,0.9616,0.011600000000000055
1005,8,10000,0.9505,0.964,0.013499999999999956
1006,8,10000,0.9494,0.9618,0.012399999999999967
1007,8,10000,0.9493,0.9649,0.015599999999999947
1008,8,10000,0.9502,0.9625,0.012299999999999978
1009,8,10000,0.9498,0.9596,0.009800000000000031
1010,8,10000,0.9454,0.9597,0.01429999999999998
1011,8,10000,0.9521,0.9621,0.010000000000000009
1012,8,10000,0.9449,0.9617,0.016800000000000037
1013,8,10000,0.9463,0.9601,0.013799999999999923
1014,8,10000,0.9475,0.9617,0.01419999999999999
1015,8,10000,0.9453,0.9616,0.01629999999999998
1016,8,10000,0.9463,0.9606,0.01429999999999998
1017,8,10000,0.9481,0.9592,0.011099999999999999
1018,8,10000,0.9474,0.9644,0.017000000000000015
1019,8,10000,0.9488,0.9614,0.012600000000000056
1020,8,10000,0.9497,0.9619,0.012199999999999989
1021,8,10000,0.9458,0.959,0.01319999999999999
1022,8,10000,0.945,0.957,0.01200000000000001
1023,8,10000,0.9499,0.9614,0.011500000000000066
1024,8,10000,0.9474,0.9603,0.012900000000000023
1025,8,10000,0.948,0.959,0.01100000000000001
1026,8,10000,0.9455,0.9595,0.014000000000000012
1027,8,10000,0.9474,0.9589,0.011499999999999955
1028,8,10000,0.9475,0.962,0.014499999999999957
1029,8,10000,0.9473,0.9594,0.0121
1030,8,10000,0.9488,0.9598,0.01100000000000001
1031,8,10000,0.9456,0.9608,0.015199999999999991
1032,8,10000,0.9512,0.9628,0.011599999999999944
1033,8,10000,0.9458,0.9617,0.015900000000000025
1034,8,10000,0.9517,0.9651,0.013399999999999967
1035,8,10000,0.946,0.9624,0.01640000000000008
1036,8,10000,0.9463,0.9594,0.0131
1037,8,10000,0.9519,0.9629,0.01100000000000001
1038,8,10000,0.9501,0.9624,0.012300000000000089
1039,8,10000,0.9473,0.9598,0.012499999999999956
1040,8,10000,0.9473,0.9605,0.01319999999999999
1041,8,10000,0.9484,0.9624,0.014000000000000012
1042,8,10000,0.948,0.9624,0.01440000000000008
1043,8,10000,0.9472,0.9598,0.012599999999999945
1044,8,10000,0.9441,0.9591,0.014999999999999902
1045,8,10000,0.9478,0.9625,0.014700000000000046
1046,8,10000,0.9453,0.9605,0.015199999999999991
1047,8,10000,0.9489,0.9612,0.012300000000000089
1048,8,10000,0.9484,0.9612,0.012800000000000034
1049,8,10000,0.95,0.9631,0.0131
1050,8,10000,0.9453,0.9607,0.01539999999999997
1051,8,10000,0.9481,0.9622,0.014100000000000001
1052,8,10000,0.9475,0.9621,0.014599999999999946
1053,8,10000,0.9448,0.9608,0.016000000000000014
1054,8,10000,0.9438,0.9607,0.016900000000000026
1055,8,10000,0.9467,0.959,0.012299999999999978
1056,8,10000,0.946,0.9591,0.0131
1057,8,10000,0.9477,0.9605,0.012800000000000034
1058,8,10000,0.9449,0.9604,0.01550000000000007
1059,8,10000,0.9455,0.962,0.01649999999999996
1060,8,10000,0.95,0.9644,0.01440000000000008
1061,8,10000,0.9476,0.9612,0.013600000000000056
1062,8,10000,0.9478,0.959,0.011199999999999988
1063,8,10000,0.9434,0.9571,0.013699999999999934
1064,8,10000,0.9517,0.962,0.010299999999999976
1065,8,10000,0.9465,0.9586,0.0121
1066,8,10000,0.9441,0.9608,0.016699999999999937
1067,8,10000,0.9459,0.9575,0.011600000000000055
1068,8,10000,0.9477,0.9626,0.014900000000000024
1069,8,10000,0.9531,0.964,0.01090000000000002
1070,8,10000,0.9466,0.9602,0.013600000000000056
1071,8,10000,0.9471,0.9612,0.014100000000000001
1072,8,10000,0.9495,0.9622,0.012700000000000045
1073,8,10000,0.9478,0.9593,0.011500000000000066
1074,8,10000,0.9491,0.9614,0.012299999999999978
1075,8,10000,0.9471,0.9592,0.0121
1076,8,10000,0.9475,0.9631,0.015599999999999947
1077,8,10000,0.9451,0.958,0.012899999999999912
1078,8,10000,0.9455,0.9598,0.01429999999999998
1079,8,10000,0.9483,0.9612,0.012900000000000023
1080,8,10000,0.9474,0.9633,0.015900000000000025
1081,8,10000,0.9436,0.9592,0.015600000000000058
1082,8,10000,0.9492,0.9605,0.011299999999999977
1083,8,10000,0.9474,0.961,0.013599999999999945
1084,8,10000,0.9468,0.9629,0.016100000000000003
1085,8,10000,0.9509,0.9639,0.013000000000000012
1086,8,10000,0.9471,0.9627,0.015599999999999947
1087,8,10000,0.9435,0.9559,0.012399999999999967
1088,8,10000,0.946,0.9566,0.010600000000000054
1000,10,10000,0.9527,0.9643,0.011600000000000055
1001,10,10000,0.9483,0.9601,0.011799999999999922
1002,10,10000,0.9536,0.9654,0.011800000000000033
1003,10,10000,0.9514,0.9652,0.013799999999999923
1004,10,10000,0.9522,0.9635,0.011299999999999977
1005,10,10000,0.9518,0.9662,0.014399999999999968
1006,10,10000,0.9516,0.9629,0.011299999999999977
1007,10,10000,0.9495,0.9611,0.011599999999999944
1008,10,10000,0.948,0.961,0.013000000000000012
1009,10,10000,0.95,0.9618,0.011800000000000033
1010,10,10000,0.9534,0.9666,0.01319999999999999
1011,10,10000,0.9514,0.9644,0.013000000000000012
1012,10,10000,0.9536,0.9637,0.010099999999999998
1013,10,10000,0.9523,0.9642,0.01189999999999991
1014,10,10000,0.9498,0.9602,0.010400000000000076
1015,10,10000,0.9525,0.9637,0.011199999999999988
1016,10,10000,0.951,0.9621,0.011099999999999999
1017,10,10000,0.9539,0.9657,0.011800000000000033
1018,10,10000,0.9517,0.9621,0.010399999999999965
1019,10,10000,0.9548,0.9668,0.01200000000000001
1020,10,10000,0.9487,0.9627,0.014000000000000012
1021,10,10000,0.9494,0.9591,0.009699999999999931
1022,10,10000,0.9514,0.9635,0.0121
1023,10,10000,0.9489,0.9644,0.01550000000000007
1024,10,10000,0.9527,0.9611,0.008399999999999963
1025,10,10000,0.9509,0.9649,0.014000000000000012
1026,10,10000,0.9526,0.9645,0.011900000000000022
1027,10,10000,0.9571,0.9684,0.011300000000000088
1028,10,10000,0.9513,0.961,0.009699999999999931
1029,10,10000,0.9501,0.9618,0.011700000000000044
1030,10,10000,0.953,0.9665,0.013500000000000068
1031,10,10000,0.949,0.9628,0.013800000000000034
1032,10,10000,0.9568,0.9666,0.009800000000000031
1033,10,10000,0.9519,0.965,0.0131
1034,10,10000,0.9522,0.9631,0.01089999999999991
1035,10,10000,0.9507,0.9619,0.011199999999999988
1036,10,10000,0.9549,0.9651,0.010199999999999987
1037,10,10000,0.9511,0.9622,0.01110000000000011
1038,10,10000,0.953,0.9654,0.012400000000000078
1039,10,10000,0.9526,0.9624,0.009800000000000031
1040,10,10000,0.9506,0.963,0.012399999999999967
1041,10,10000,0.9527,0.9632,0.010499999999999954
1042,10,10000,0.9527,0.9656,0.012900000000000023
1043,10,10000,0.95,0.965,0.015000000000000013
1044,10,10000,0.9553,0.9655,0.010199999999999987
1045,10,10000,0.9508,0.9651,0.01429999999999998
1046,10,10000,0.9508,0.9595,0.008700000000000041
1047,10,10000,0.951,0.9629,0.011900000000000022
1048,10,10000,0.9535,0.964,0.010499999999999954
1049,10,10000,0.9492,0.962,0.012799999999999923
1050,10,10000,0.9536,0.9642,0.010599999999999943
1051,10,10000,0.9567,0.9663,0.009600000000000053
1052,10,10000,0.9557,0.9661,0.010399999999999965
1053,10,10000,0.9512,0.9645,0.013299999999999979
1054,10,10000,0.9534,0.9663,0.012900000000000023
1055,10,10000,0.9483,0.962,0.013699999999999934
1056,10,10000,0.9502,0.9647,0.014499999999999957
1057,10,10000,0.9524,0.9626,0.010199999999999987
1058,10,10000,0.9555,0.9653,0.009800000000000031
1059,10,10000,0.952,0.9685,0.01650000000000007
1060,10,10000,0.9522,0.9659,0.013699999999999934
1061,10,10000,0.955,0.967,0.01200000000000001
1062,10,10000,0.9511,0.9653,0.014200000000000101
1063,10,10000,0.9503,0.9634,0.0131
1064,10,10000,0.9577,0.9658,0.008099999999999996
1065,10,10000,0.9524,0.9639,0.011499999999999955
1066,10,10000,0.9521,0.9664,0.01430000000000009
1067,10,10000,0.9535,0.9629,0.009399999999999964
1068,10,10000,0.9517,0.9603,0.008600000000000052
1069,10,10000,0.9526,0.9639,0.011299999999999977
1070,10,10000,0.9558,0.9684,0.012600000000000056
1071,10,10000,0.9526,0.9641,0.011499999999999955
1072,10,10000,0.9549,0.9654,0.010500000000000065
1073,10,10000,0.9527,0.9639,0.011199999999999988
1074,10,10000,0.9494,0.9615,0.0121
1075,10,10000,0.9494,0.9637,0.01429999999999998
1076,10,10000,0.9512,0.9651,0.013899999999999912
1077,10,10000,0.9506,0.9623,0.011700000000000044
1078,10,10000,0.953,0.9636,0.010600000000000054
1079,10,10000,0.9519,0.9637,0.011800000000000033
1080,10,10000,0.9527,0.9642,0.011499999999999955
1081,10,10000,0.9493,0.9588,0.009499999999999953
1082,10,10000,0.9498,0.9645,0.014700000000000046
1083,10,10000,0.9524,0.9626,0.010199999999999987
1084,10,10000,0.9508,0.9665,0.015700000000000047
1085,10,10000,0.9524,0.9635,0.011099999999999999
1086,10,10000,0.953,0.9641,0.011099999999999999
1087,10,10000,0.9502,0.9639,0.013699999999999934
1088,10,10000,0.9496,0.9648,0.015199999999999991
1000,12,10000,0.9542,0.9674,0.01319999999999999
1001,12,10000,0.9562,0.9627,0.00649999999999995
1002,12,10000,0.9548,0.9678,0.013000000000000012
1003,12,10000,0.953,0.9659,0.012900000000000023
1004,12,10000,0.9528,0.9634,0.010600000000000054
1005,12,10000,0.9529,0.9634,0.010500000000000065
1006,12,10000,0.9572,0.9683,0.011099999999999999
1007,12,10000,0.9541,0.9632,0.009099999999999997
1008,12,10000,0.953,0.9652,0.012199999999999989
1009,12,10000,0.958,0.9674,0.009400000000000075
1010,12,10000,0.9517,0.9648,0.0131
1011,12,10000,0.9542,0.9636,0.009399999999999964
1012,12,10000,0.9557,0.9676,0.011900000000000022
1013,12,10000,0.9534,0.9644,0.01100000000000001
1014,12,10000,0.955,0.9667,0.011700000000000044
1015,12,10000,0.9535,0.9686,0.015100000000000002
1016,12,10000,0.9525,0.9642,0.011699999999999933
1017,12,10000,0.9529,0.9668,0.013900000000000023
1018,12,10000,0.9545,0.9663,0.011800000000000033
1019,12,10000,0.958,0.9653,0.007300000000000084
1020,12,10000,0.9553,0.9672,0.01189999999999991
1021,12,10000,0.9547,0.9683,0.013600000000000056
1022,12,10000,0.9541,0.9623,0.008200000000000096
1023,12,10000,0.9563,0.9639,0.00759999999999994
1024,12,10000,0.9516,0.9639,0.012299999999999978
1025,12,10000,0.957,0.968,0.01100000000000001
1026,12,10000,0.9517,0.9645,0.012800000000000034
1027,12,10000,0.9541,0.9636,0.009500000000000064
1028,12,10000,0.9554,0.9696,0.01419999999999999
1029,12,10000,0.9539,0.9673,0.013400000000000079
1030,12,10000,0.9573,0.9667,0.009399999999999964
1031,12,10000,0.9517,0.9591,0.007399999999999962
1032,12,10000,0.9544,0.9671,0.012699999999999934
1033,12,10000,0.9611,0.9688,0.00770000000000004
1034,12,10000,0.957,0.9663,0.009300000000000086
1035,12,10000,0.9566,0.9661,0.009499999999999953
1036,12,10000,0.9526,0.9641,0.011499999999999955
1037,12,10000,0.9559,0.967,0.011099999999999999
1038,12,10000,0.955,0.966,0.01100000000000001
1039,12,10000,0.9574,0.9663,0.008900000000000019
1040,12,10000,0.9572,0.9666,0.009399999999999964
1041,12,10000,0.9536,0.9648,0.011199999999999988
1042,12,10000,0.9563,0.9651,0.008799999999999919
1043,12,10000,0.9538,0.9652,0.011399999999999966
1044,12,10000,0.953,0.9625,0.009500000000000064
1045,12,10000,0.9542,0.9644,0.010199999999999987
1046,12,10000,0.9533,0.967,0.013699999999999934
1047,12,10000,0.955,0.965,0.010000000000000009
1048,12,10000,0.9551,0.9631,0.008000000000000007
1049,12,10000,0.9533,0.9658,0.012499999999999956
1050,12,10000,0.9523,0.9642,0.01189999999999991
1051,12,10000,0.9546,0.9623,0.00770000000000004
1052,12,10000,0.9543,0.967,0.012699999999999934
1053,12,10000,0.9559,0.9666,0.010700000000000043
1054,12,10000,0.9539,0.9643,0.010400000000000076
1055,12,10000,0.9552,0.9682,0.0129999999999999
1056,12,10000,0.9591,0.9695,0.010400000000000076
1057,12,10000,0.9559,0.966,0.010099999999999998
1058,12,10000,0.9578,0.9711,0.013299999999999979
1059,12,10000,0.9546,0.9656,0.01100000000000001
1060,12,10000,0.9537,0.9626,0.008900000000000019
1061,12,10000,0.955,0.9668,0.011800000000000033
1062,12,10000,0.9573,0.9671,0.00979999999999992
1063,12,10000,0.9532,0.9639,0.010699999999999932
1064,12,10000,0.9601,0.9725,0.012400000000000078
1065,12,10000,0.9543,0.9629,0.008599999999999941
1066,12,10000,0.9511,0.9634,0.012300000000000089
1067,12,10000,0.9554,0.965,0.009599999999999942
1068,12,10000,0.9571,0.9656,0.008500000000000063
1069,12,10000,0.9527,0.9649,0.012199999999999989
1070,12,10000,0.9568,0.9685,0.011700000000000044
1071,12,10000,0.9584,0.9679,0.009499999999999953
1072,12,10000,0.9578,0.9673,0.009500000000000064
1073,12,10000,0.9552,0.9646,0.009399999999999964
1074,12,10000,0.9566,0.9673,0.010700000000000043
1075,12,10000,0.9533,0.9632,0.009899999999999909
1076,12,10000,0.9532,0.9619,0.00869999999999993
1077,12,10000,0.9529,0.9635,0.010600000000000054
1078,12,10000,0.9537,0.9684,0.014700000000000046
1079,12,10000,0.9564,0.9684,0.01200000000000001
1080,12,10000,0.9546,0.9663,0.011700000000000044
1081,12,10000,0.9552,0.9659,0.010699999999999932
1082,12,10000,0.9561,0.967,0.01090000000000002
1083,12,10000,0.9558,0.9658,0.010000000000000009
1084,12,10000,0.9544,0.9655,0.011099999999999999
1085,12,10000,0.9565,0.9663,0.009800000000000031
1086,12,10000,0.9535,0.965,0.011499999999999955
1087,12,10000,0.955,0.9643,0.009300000000000086
1088,12,10000,0.9533,0.9667,0.013399999999999967
1000,16,10000,0.9586,0.9666,0.008000000000000007
1001,16,10000,0.9565,0.9661,0.009599999999999942
1002,16,10000,0.96,0.9703,0.010300000000000087
1003,16,10000,0.9575,0.9653,0.007800000000000029
1004,16,10000,0.9591,0.9695,0.010400000000000076
1005,16,10000,0.9582,0.9673,0.009099999999999997
1006,16,10000,0.9597,0.9693,0.009600000000000053
1007,16,10000,0.9617,0.9711,0.009399999999999964
1008,16,10000,0.9546,0.9674,0.012800000000000034
1009,16,10000,0.9551,0.9651,0.010000000000000009
1010,16,10000,0.9579,0.9699,0.01200000000000001
1011,16,10000,0.9622,0.972,0.00979999999999992
1012,16,10000,0.961,0.969,0.008000000000000007
1013,16,10000,0.9583,0.9699,0.011599999999999944
1014,16,10000,0.9585,0.9694,0.01090000000000002
1015,16,10000,0.9555,0.9652,0.009699999999999931
1016,16,10000,0.9544,0.9655,0.011099999999999999
1017,16,10000,0.9586,0.9669,0.008299999999999974
1018,16,10000,0.9581,0.9675,0.009400000000000075
1019,16,10000,0.958,0.9682,0.010199999999999987
1020,16,10000,0.9529,0.963,0.010099999999999998
1021,16,10000,0.959,0.9695,0.010500000000000065
1022,16,10000,0.9591,0.9659,0.006800000000000028
1023,16,10000,0.9567,0.9657,0.009000000000000008
1024,16,10000,0.9576,0.9663,0.008700000000000041
1025,16,10000,0.9563,0.9668,0.010499999999999954
1026,16,10000,0.956,0.9663,0.010300000000000087
1027,16,10000,0.9558,0.9668,0.01100000000000001
1028,16,10000,0.9596,0.9675,0.007900000000000018
1029,16,10000,0.9594,0.9693,0.00990000000000002
1030,16,10000,0.9589,0.9684,0.009500000000000064
1031,16,10000,0.9627,0.9671,0.0043999999999999595
1032,16,10000,0.9601,0.9694,0.009300000000000086
1033,16,10000,0.96,0.9686,0.008600000000000052
1034,16,10000,0.9564,0.9679,0.011499999999999955
1035,16,10000,0.9601,0.9681,0.008000000000000007
1036,16,10000,0.9585,0.9669,0.008399999999999963
1037,16,10000,0.9598,0.968,0.008199999999999985
1038,16,10000,0.9588,0.9672,0.008399999999999963
1039,16,10000,0.9547,0.9616,0.006900000000000017
1040,16,10000,0.9564,0.9651,0.00869999999999993
1041,16,10000,0.9584,0.9681,0.009699999999999931
1042,16,10000,0.9589,0.9721,0.01319999999999999
1043,16,10000,0.9599,0.9699,0.010000000000000009
1044,16,10000,0.9593,0.9674,0.008099999999999996
1045,16,10000,0.9594,0.9715,0.0121
1046,16,10000,0.9595,0.9687,0.009199999999999986
1047,16,10000,0.9576,0.9694,0.011800000000000033
1048,16,10000,0.9607,0.9721,0.011399999999999966
1049,16,10000,0.9571,0.9673,0.010200000000000098
1050,16,10000,0.959,0.969,0.010000000000000009
1051,16,10000,0.9602,0.9689,0.00869999999999993
1052,16,10000,0.9593,0.9682,0.008899999999999908
1053,16,10000,0.9613,0.9702,0.008899999999999908
1054,16,10000,0.9584,0.9655,0.007099999999999995
1055,16,10000,0.9589,0.9699,0.01100000000000001
1056,16,10000,0.9579,0.9701,0.012199999999999989
1057,16,10000,0.9605,0.9687,0.008199999999999985
1058,16,10000,0.9603,0.97,0.009699999999999931
1059,16,10000,0.9548,0.964,0.009199999999999986
1060,16,10000,0.9569,0.9648,0.007900000000000018
1061,16,10000,0.9555,0.9652,0.009699999999999931
1062,16,10000,0.9582,0.9672,0.008999999999999897
1063,16,10000,0.957,0.9644,0.007400000000000073
1064,16,10000,0.9593,0.9694,0.010099999999999998
1065,16,10000,0.9564,0.9638,0.007399999999999962
1066,16,10000,0.9586,0.9681,0.009499999999999953
1067,16,10000,0.9582,0.9672,0.008999999999999897
1068,16,10000,0.9608,0.9719,0.011099999999999999
1069,16,10000,0.9578,0.9671,0.009299999999999975
1070,16,10000,0.9609,0.9686,0.00770000000000004
1071,16,10000,0.9577,0.9667,0.009000000000000008
1072,16,10000,0.958,0.9669,0.008900000000000019
1073,16,10000,0.956,0.9656,0.009600000000000053
1074,16,10000,0.9579,0.9665,0.008600000000000052
1075,16,10000,0.958,0.9683,0.010300000000000087
1076,16,10000,0.9568,0.967,0.010199999999999987
1077,16,10000,0.9562,0.9677,0.011499999999999955
1078,16,10000,0.9595,0.9694,0.00990000000000002
1079,16,10000,0.9594,0.9695,0.010099999999999998
1080,16,10000,0.96,0.9685,0.008500000000000063
1081,16,10000,0.9595,0.9668,0.007299999999999973
1082,16,10000,0.9582,0.9682,0.009999999999999898
1083,16,10000,0.9565,0.9698,0.013299999999999979
1084,16,10000,0.955,0.9668,0.011800000000000033
1085,16,10000,0.9548,0.9648,0.010000000000000009
1086,16,10000,0.96,0.9692,0.009199999999999986
1087,16,10000,0.9592,0.9682,0.008999999999999897
1088,16,10000,0.9622,0.9694,0.007199999999999984
1000,24,10000,0.9609,0.9696,0.008700000000000041
1001,24,10000,0.9619,0.9719,0.010000000000000009
1002,24,10000,0.9653,0.9708,0.005499999999999949
1003,24,10000,0.9607,0.9688,0.008099999999999996
1004,24,10000,0.9609,0.9674,0.006500000000000061
1005,24,10000,0.9608,0.9688,0.008000000000000007
1006,24,10000,0.9611,0.9678,0.006700000000000039
1007,24,10000,0.9605,0.9705,0.010000000000000009
1008,24,10000,0.9593,0.9697,0.010399999999999965
1009,24,10000,0.963,0.97,0.007000000000000006
1010,24,10000,0.9621,0.9702,0.008099999999999996
1011,24,10000,0.9617,0.9681,0.006399999999999961
1012,24,10000,0.9609,0.9708,0.00990000000000002
1013,24,10000,0.9608,0.9672,0.006399999999999961
1014,24,10000,0.9614,0.9683,0.006900000000000017
1015,24,10000,0.9636,0.97,0.006399999999999961
1016,24,10000,0.9632,0.97,0.006800000000000028
1017,24,10000,0.9636,0.9727,0.009099999999999997
1018,24,10000,0.959,0.9693,0.010300000000000087
1019,24,10000,0.9621,0.9704,0.008300000000000085
1020,24,10000,0.9595,0.9683,0.00880000000000003
1021,24,10000,0.9629,0.9709,0.008000000000000007
1022,24,10000,0.9582,0.966,0.007799999999999918
1023,24,10000,0.96,0.9676,0.007600000000000051
1024,24,10000,0.9623,0.9689,0.006599999999999939
1025,24,10000,0.9625,0.9699,0.007399999999999962
1026,24,10000,0.9601,0.9698,0.009700000000000042
1027,24,10000,0.9621,0.9714,0.009300000000000086
1028,24,10000,0.9583,0.9684,0.010099999999999998
1029,24,10000,0.9657,0.9713,0.005600000000000049
1030,24,10000,0.9608,0.9688,0.008000000000000007
1031,24,10000,0.9614,0.9709,0.009499999999999953
1032,24,10000,0.9561,0.9661,0.010000000000000009
1033,24,10000,0.9598,0.9686,0.00880000000000003
1034,24,10000,0.96,0.9667,0.006700000000000039
1035,24,10000,0.9627,0.9714,0.008700000000000041
1036,24,10000,0.9599,0.969,0.009099999999999997
1037,24,10000,0.9605,0.9651,0.0045999999999999375
1038,24,10000,0.9625,0.971,0.008499999999999952
1039,24,10000,0.9634,0.9685,0.005099999999999993
1040,24,10000,0.9631,0.9716,0.008500000000000063
1041,24,10000,0.9582,0.9657,0.007499999999999951
1042,24,10000,0.9599,0.9695,0.009600000000000053
1043,24,10000,0.961,0.9713,0.010300000000000087
1044,24,10000,0.9621,0.9712,0.009099999999999997
1045,24,10000,0.9622,0.9689,0.006699999999999928
1046,24,10000,0.9627,0.9695,0.006800000000000028
1047,24,10000,0.9615,0.9715,0.010000000000000009
1048,24,10000,0.9603,0.9691,0.008799999999999919
1049,24,10000,0.9604,0.9651,0.0046999999999999265
1050,24,10000,0.9622,0.9702,0.007999999999999896
1051,24,10000,0.9621,0.9708,0.008700000000000041
1052,24,10000,0.9649,0.9695,0.0046000000000000485
1053,24,10000,0.9626,0.9685,0.005900000000000016
1054,24,10000,0.9584,0.9648,0.006399999999999961
1055,24,10000,0.9573,0.9682,0.01089999999999991
1056,24,10000,0.9599,0.968,0.008099999999999996
1057,24,10000,0.9616,0.9703,0.008700000000000041
1058,24,10000,0.9613,0.9725,0.011199999999999988
1059,24,10000,0.9607,0.9692,0.008499999999999952
1060,24,10000,0.9594,0.9696,0.010199999999999987
1061,24,10000,0.9622,0.9715,0.009299999999999975
1062,24,10000,0.9571,0.9658,0.008700000000000041
1063,24,10000,0.9655,0.9701,0.0045999999999999375
1064,24,10000,0.963,0.9672,0.0041999999999999815
1065,24,10000,0.9627,0.9692,0.00649999999999995
1066,24,10000,0.9587,0.9662,0.007499999999999951
1067,24,10000,0.9615,0.9702,0.00869999999999993
1068,24,10000,0.96,0.9664,0.006400000000000072
1069,24,10000,0.9631,0.9716,0.008500000000000063
1070,24,10000,0.9614,0.9686,0.007199999999999984
1071,24,10000,0.9608,0.9671,0.006299999999999972
1072,24,10000,0.9621,0.9718,0.009700000000000042
1073,24,10000,0.961,0.9686,0.007600000000000051
1074,24,10000,0.9576,0.9666,0.009000000000000008
1075,24,10000,0.9638,0.9709,0.007099999999999995
1076,24,10000,0.9656,0.9719,0.006299999999999972
1077,24,10000,0.9608,0.9659,0.005099999999999993
1078,24,10000,0.9602,0.9675,0.007299999999999973
1079,24,10000,0.964,0.9688,0.0048000000000000265
1080,24,10000,0.9633,0.9687,0.00539999999999996
1081,24,10000,0.9604,0.9705,0.010099999999999998
1082,24,10000,0.9633,0.9719,0.008599999999999941
1083,24,10000,0.9627,0.9691,0.006399999999999961
1084,24,10000,0.9612,0.9705,0.009299999999999975
1085,24,10000,0.962,0.9685,0.006500000000000061
1086,24,10000,0.9621,0.9685,0.006400000000000072
1087,24,10000,0.9562,0.9664,0.010199999999999987
1088,24,10000,0.963,0.9686,0.005600000000000049
1000,32,10000,0.9611,0.9685,0.007400000000000073
1001,32,10000,0.9614,0.969,0.00759999999999994
1002,32,10000,0.9621,0.971,0.008900000000000019
1003,32,10000,0.9628,0.9692,0.006399999999999961
1004,32,10000,0.9629,0.9719,0.009000000000000008
1005,32,10000,0.9649,0.9715,0.00660000000000005
1006,32,10000,0.9612,0.9696,0.008399999999999963
1007,32,10000,0.9619,0.9693,0.007400000000000073
1008,32,10000,0.96,0.9673,0.007300000000000084
1009,32,10000,0.9628,0.9692,0.006399999999999961
1010,32,10000,0.9584,0.9668,0.008399999999999963
1011,32,10000,0.9643,0.9709,0.006599999999999939
1012,32,10000,0.9638,0.9707,0.006900000000000017
1013,32,10000,0.9635,0.9697,0.006199999999999983
1014,32,10000,0.9625,0.9695,0.007000000000000006
1015,32,10000,0.965,0.972,0.007000000000000006
1016,32,10000,0.9593,0.967,0.007699999999999929
1017,32,10000,0.9625,0.9704,0.007900000000000018
1018,32,10000,0.9619,0.9692,0.007299999999999973
1019,32,10000,0.9624,0.9706,0.008199999999999985
1020,32,10000,0.9616,0.9677,0.006099999999999994
1021,32,10000,0.9603,0.9705,0.010199999999999987
1022,32,10000,0.9592,0.9697,0.010499999999999954
1023,32,10000,0.9632,0.9705,0.007300000000000084
1024,32,10000,0.9641,0.9705,0.006400000000000072
1025,32,10000,0.961,0.9692,0.008199999999999985
1026,32,10000,0.9614,0.9659,0.0044999999999999485
1027,32,10000,0.964,0.9737,0.009700000000000042
1028,32,10000,0.9632,0.9687,0.00550000000000006
1029,32,10000,0.9651,0.97,0.0049000000000000155
1030,32,10000,0.9608,0.9682,0.007399999999999962
1031,32,10000,0.9618,0.9685,0.006700000000000039
1032,32,10000,0.9599,0.9688,0.008900000000000019
1033,32,10000,0.9657,0.9711,0.00539999999999996
1034,32,10000,0.9592,0.9686,0.009399999999999964
1035,32,10000,0.9618,0.9678,0.006000000000000005
1036,32,10000,0.9618,0.9677,0.005900000000000016
1037,32,10000,0.9635,0.9687,0.005199999999999982
1038,32,10000,0.9612,0.9698,0.008599999999999941
1039,32,10000,0.9633,0.9702,0.006899999999999906
1040,32,10000,0.963,0.9715,0.008500000000000063
1041,32,10000,0.9616,0.9663,0.0047000000000000375
1042,32,10000,0.961,0.9676,0.00660000000000005
1043,32,10000,0.9646,0.9705,0.005900000000000016
1044,32,10000,0.9613,0.9696,0.008299999999999974
1045,32,10000,0.9615,0.9689,0.007399999999999962
1046,32,10000,0.9679,0.9734,0.00550000000000006
1047,32,10000,0.9634,0.9702,0.006799999999999917
1048,32,10000,0.964,0.9709,0.006900000000000017
1049,32,10000,0.9632,0.969,0.005800000000000027
1050,32,10000,0.9625,0.9704,0.007900000000000018
1051,32,10000,0.9647,0.972,0.007299999999999973
1052,32,10000,0.964,0.9713,0.007300000000000084
1053,32,10000,0.9624,0.9685,0.006099999999999994
1054,32,10000,0.9615,0.971,0.009499999999999953
1055,32,10000,0.9624,0.969,0.006599999999999939
1056,32,10000,0.9622,0.9692,0.006999999999999895
1057,32,10000,0.9644,0.9707,0.006299999999999972
1058,32,10000,0.9625,0.9672,0.0046999999999999265
1059,32,10000,0.9639,0.9732,0.009299999999999975
1060,32,10000,0.9675,0.9728,0.005299999999999971
1061,32,10000,0.9634,0.972,0.008599999999999941
1062,32,10000,0.9634,0.9696,0.006199999999999983
1063,32,10000,0.9631,0.9708,0.00770000000000004
1064,32,10000,0.9636,0.9719,0.008299999999999974
1065,32,10000,0.9622,0.9687,0.00649999999999995
1066,32,10000,0.963,0.9696,0.00660000000000005
1067,32,10000,0.9636,0.9703,0.006700000000000039
1068,32,10000,0.9612,0.9679,0.006699999999999928
1069,32,10000,0.963,0.968,0.0050000000000000044
1070,32,10000,0.9616,0.9695,0.007900000000000018
1071,32,10000,0.9649,0.9711,0.006199999999999983
1072,32,10000,0.9648,0.9721,0.007299999999999973
1073,32,10000,0.9642,0.9693,0.0051000000000001044
1074,32,10000,0.9631,0.9694,0.006300000000000083
1075,32,10000,0.9631,0.9665,0.0034000000000000696
1076,32,10000,0.9615,0.9672,0.005699999999999927
1077,32,10000,0.9622,0.9688,0.006599999999999939
1078,32,10000,0.967,0.9728,0.005800000000000027
1079,32,10000,0.9599,0.9675,0.007600000000000051
1080,32,10000,0.9637,0.9699,0.006199999999999983
1081,32,10000,0.9635,0.9702,0.006699999999999928
1082,32,10000,0.9648,0.9687,0.0039000000000000146
1083,32,10000,0.9604,0.9691,0.00869999999999993
1084,32,10000,0.9597,0.9645,0.0048000000000000265
1085,32,10000,0.9618,0.9699,0.008099999999999996
1086,32,10000,0.9588,0.965,0.006199999999999983
1087,32,10000,0.9595,0.9677,0.008199999999999985
1088,32,10000,0.9628,0.9694,0.00660000000000005
